Country Name,Country Code,Indicator Name,Indicator Code,2010,2011,2012,2013,2014,2015,2016
Afghanistan,AFG,Adjusted net national income per capita (current US$),NY.ADJ.NNTY.PC.CD,486.9881116,535.3402774,590.4674934,559.2339402,548.5370949,494.3016296,489.7847414
Angola,AGO,Adjusted net national income per capita (current US$),NY.ADJ.NNTY.PC.CD,1095.241414,1217.678006,1486.53816,1854.945538,2090.854918,2062.99344,1777.44841
Albania,ALB,Adjusted net national income per capita (current US$),NY.ADJ.NNTY.PC.CD,3530.054028,3850.766176,3641.192766,3866.501647,3937.222372,3458.725714,3606.903851
Arab World,ARB,Adjusted net national income per capita (current US$),NY.ADJ.NNTY.PC.CD,4783.437423,5429.710322,5847.78484,5920.747721,6043.694139,5443.483725,5182.501036
United Arab Emirates,ARE,Adjusted net national income per capita (current US$),NY.ADJ.NNTY.PC.CD,31812.97543,36076.38284,37502.56708,39176.95197,40199.43283,36198.91235,34579.66959
Argentina,ARG,Adjusted net national income per capita (current US$),NY.ADJ.NNTY.PC.CD,8751.992106,10930.02742,11189.26628,11216.58141,10536.78314,11728.03506,10729.86488
Armenia,ARM,Adjusted net national income per capita (current US$),NY.ADJ.NNTY.PC.CD,2918.110539,3143.545827,3280.341004,3514.236835,3589.730537,3173.764425,3087.80998
Australia,AUS,Adjusted net national income per capita (current US$),NY.ADJ.NNTY.PC.CD,39898.81568,47596.45431,52383.77787,52646.40155,47779.62345,44026.95589,38859.32258
Austria,AUT,Adjusted net national income per capita (current US$),NY.ADJ.NNTY.PC.CD,39008.18009,42588.85128,39997.00016,41697.6759,42397.79623,35926.94511,36635.90191
Azerbaijan,AZE,Adjusted net national income per capita (current US$),NY.ADJ.NNTY.PC.CD,3920.787338,4639.036392,5151.252263,5774.793989,6106.651009,4478.772902,2874.761195
Burundi,BDI,Adjusted net national income per capita (current US$),NY.ADJ.NNTY.PC.CD,146.8217194,166.0249831,190.1259639,205.5235575,232.1525767,217.507403,201.7006078
Belgium,BEL,Adjusted net national income per capita (current US$),NY.ADJ.NNTY.PC.CD,37235.18674,38914.50255,37016.7462,38156.63714,38455.06984,32465.9008,33307.82187
Benin,BEN,Adjusted net national income per capita (current US$),NY.ADJ.NNTY.PC.CD,637.3324269,697.1910401,702.2339721,765.8471086,789.7306315,655.3282937,656.8480076
Burkina Faso,BFA,Adjusted net national income per capita (current US$),NY.ADJ.NNTY.PC.CD,454.6326324,500.947465,517.3814354,541.5344086,534.5250763,414.9702197,455.1429818
Bangladesh,BGD,Adjusted net national income per capita (current US$),NY.ADJ.NNTY.PC.CD,745.5683099,819.295655,844.3153987,936.8745548,1052.568076,1173.701486,1310.147752
Bulgaria,BGR,Adjusted net national income per capita (current US$),NY.ADJ.NNTY.PC.CD,5580.350044,6348.5047,6166.983226,6391.005104,6563.615172,5797.339762,6326.075104
Bahrain,BHR,Adjusted net national income per capita (current US$),NY.ADJ.NNTY.PC.CD,16772.50217,17231.37658,17800.8709,18595.28324,17677.63418,19133.78273,18906.70514
"Bahamas, The",BHS,Adjusted net national income per capita (current US$),NY.ADJ.NNTY.PC.CD,19702.64889,19385.31679,26250.40882,25507.69552,25175.36885,25421.23455,24603.44141
Bosnia and Herzegovina,BIH,Adjusted net national income per capita (current US$),NY.ADJ.NNTY.PC.CD,4106.108982,4402.58328,4068.267369,4416.739575,4520.222856,3968.588752,4130.211149
Belarus,BLR,Adjusted net national income per capita (current US$),NY.ADJ.NNTY.PC.CD,5364.951313,5802.182087,6169.451771,7005.548989,7335.552642,5170.602471,4297.007633
Belize,BLZ,Adjusted net national income per capita (current US$),NY.ADJ.NNTY.PC.CD,2984.17016,3220.028656,3386.519104,3435.408215,3616.47032,3799.852311,3676.390327
Bolivia,BOL,Adjusted net national income per capita (current US$),NY.ADJ.NNTY.PC.CD,1588.682051,1833.53147,1985.488624,2210.85072,2355.333949,2484.49573,2528.416882
Brazil,BRA,Adjusted net national income per capita (current US$),NY.ADJ.NNTY.PC.CD,9348.34907,10958.89728,10326.03682,10403.02574,10151.54307,7460.856524,7352.156644
Barbados,BRB,Adjusted net national income per capita (current US$),NY.ADJ.NNTY.PC.CD,13796.18079,13598.25827,13943.50754,13827.85988,13770.25978,13618.16642,13396.92647
Brunei Darussalam,BRN,Adjusted net national income per capita (current US$),NY.ADJ.NNTY.PC.CD,26986.31109,32317.71757,33825.00956,33921.88585,32949.55001,27860.13618,24809.20786
Bhutan,BTN,Adjusted net national income per capita (current US$),NY.ADJ.NNTY.PC.CD,1819.062355,2045.177633,1991.577434,1963.039645,2090.299449,2111.908139,2199.245689
Botswana,BWA,Adjusted net national income per capita (current US$),NY.ADJ.NNTY.PC.CD,4584.725307,5998.170866,5477.9511,5266.123678,5683.762088,5054.856567,5319.268914
Central African Republic,CAF,Adjusted net national income per capita (current US$),NY.ADJ.NNTY.PC.CD,405.9188569,444.8297818,427.9366389,275.792659,313.5274499,281.7643892,299.1270511
Canada,CAN,Adjusted net national income per capita (current US$),NY.ADJ.NNTY.PC.CD,38420.52289,42334.71121,42665.25597,42676.46837,41039.8936,35175.18898,34229.19363
Central Europe and the Baltics,CEB,Adjusted net national income per capita (current US$),NY.ADJ.NNTY.PC.CD,10046.19131,11074.23843,10424.08253,11032.92827,11443.07991,9999.404995,10143.0968
Switzerland,CHE,Adjusted net national income per capita (current US$),NY.ADJ.NNTY.PC.CD,63545.1998,71216.58907,68151.60803,69239.99927,68975.18929,66815.6885,63377.62595
Chile,CHL,Adjusted net national income per capita (current US$),NY.ADJ.NNTY.PC.CD,9191.857509,10635.15936,11484.20948,12058.79192,11349.82989,10725.58664,10860.15443
China,CHN,Adjusted net national income per capita (current US$),NY.ADJ.NNTY.PC.CD,3670.49174,4382.443555,5007.502476,5520.334252,6064.120073,6352.626327,6309.001584
Cote d'Ivoire,CIV,Adjusted net national income per capita (current US$),NY.ADJ.NNTY.PC.CD,1102.77322,1073.396017,1135.53436,1280.714333,1457.573376,1320.050528,1406.311247
Cameroon,CMR,Adjusted net national income per capita (current US$),NY.ADJ.NNTY.PC.CD,1083.684185,1166.297325,1112.605904,1206.355205,1299.661555,1141.000777,1147.990182
"Congo, Dem. Rep.",COD,Adjusted net national income per capita (current US$),NY.ADJ.NNTY.PC.CD,227.6536776,239.5048315,265.7267308,293.1247636,317.4481609,345.7129665,331.9769405
"Congo, Rep.",COG,Adjusted net national income per capita (current US$),NY.ADJ.NNTY.PC.CD,510.5479731,310.8824289,456.5583611,801.9341358,1019.359399,1114.34038,900.8803572
Colombia,COL,Adjusted net national income per capita (current US$),NY.ADJ.NNTY.PC.CD,4986.449737,5574.162914,6163.536455,6341.800862,6297.218084,5033.500039,4820.328527
Comoros,COM,Adjusted net national income per capita (current US$),NY.ADJ.NNTY.PC.CD,679.2656867,740.897679,707.728029,756.682723,778.2006616,666.2781844,716.0222934
Cabo Verde,CPV,Adjusted net national income per capita (current US$),NY.ADJ.NNTY.PC.CD,2504.829928,2790.987746,2540.035238,2585.151965,2602.397711,2201.208052,2178.452293
Costa Rica,CRI,Adjusted net national income per capita (current US$),NY.ADJ.NNTY.PC.CD,7373.219044,8270.957192,9011.537203,9486.740664,9504.345267,10169.66813,10441.63356
Caribbean small states,CSS,Adjusted net national income per capita (current US$),NY.ADJ.NNTY.PC.CD,7083.502483,7138.771774,7630.367099,7860.392151,7825.646655,8020.206584,7517.975068
Cuba,CUB,Adjusted net national income per capita (current US$),NY.ADJ.NNTY.PC.CD,4803.673809,5150.745586,5475.437405,5791.98897,,,
Curacao,CUW,Adjusted net national income per capita (current US$),NY.ADJ.NNTY.PC.CD,,,,,,,
Cayman Islands,CYM,Adjusted net national income per capita (current US$),NY.ADJ.NNTY.PC.CD,,,,,,,
Cyprus,CYP,Adjusted net national income per capita (current US$),NY.ADJ.NNTY.PC.CD,26229.72467,28352.27084,24504.54817,22868.23173,22509.96222,19572.21828,
Czech Republic,CZE,Adjusted net national income per capita (current US$),NY.ADJ.NNTY.PC.CD,14052.99286,15359.37102,14203.59613,14308.53317,,,
Germany,DEU,Adjusted net national income per capita (current US$),NY.ADJ.NNTY.PC.CD,35136.96524,39716.36333,37201.94023,39224.36542,40440.41913,34795.64069,35517.59898
Djibouti,DJI,Adjusted net national income per capita (current US$),NY.ADJ.NNTY.PC.CD,,,,,,,
Dominica,DMA,Adjusted net national income per capita (current US$),NY.ADJ.NNTY.PC.CD,5977.210413,5816.064345,5413.279574,5416.245284,5674.979375,5691.329158,6089.319441
Denmark,DNK,Adjusted net national income per capita (current US$),NY.ADJ.NNTY.PC.CD,48078.04986,51336.79878,48758.08713,51911.26527,53696.20432,45583.10194,45727.88997
Dominican Republic,DOM,Adjusted net national income per capita (current US$),NY.ADJ.NNTY.PC.CD,4996.474133,5235.771485,5408.73482,5363.774425,5569.050304,5800.164684,5976.007944
Algeria,DZA,Adjusted net national income per capita (current US$),NY.ADJ.NNTY.PC.CD,3644.312028,4312.861225,4418.975672,4350.827761,4342.420307,3396.913441,3104.118296
East Asia & Pacific (excluding high income),EAP,Adjusted net national income per capita (current US$),NY.ADJ.NNTY.PC.CD,3227.028471,3808.372881,4270.147117,4636.035768,4999.422592,5168.593814,5175.45055
Early-demographic dividend,EAR,Adjusted net national income per capita (current US$),NY.ADJ.NNTY.PC.CD,2472.054915,2708.003341,2784.972128,2802.010783,2886.800469,2798.869295,2803.639362
East Asia & Pacific,EAS,Adjusted net national income per capita (current US$),NY.ADJ.NNTY.PC.CD,6150.113935,7004.747527,7515.683733,7522.230599,7732.435261,7654.953882,7783.245528
Europe & Central Asia (excluding high income),ECA,Adjusted net national income per capita (current US$),NY.ADJ.NNTY.PC.CD,6237.067455,7616.759096,8011.400081,8500.136,7874.91761,6084.125321,5709.589616
Europe & Central Asia,ECS,Adjusted net national income per capita (current US$),NY.ADJ.NNTY.PC.CD,19504.22494,21466.89157,20514.29516,21347.21335,21512.06865,18461.03564,18252.43183
Ecuador,ECU,Adjusted net national income per capita (current US$),NY.ADJ.NNTY.PC.CD,3683.597336,4083.63702,4539.552974,4869.471137,5113.108374,5101.469859,4937.909444
"Egypt, Arab Rep.",EGY,Adjusted net national income per capita (current US$),NY.ADJ.NNTY.PC.CD,2226.879758,2284.189669,2693.433294,2732.426515,2862.431588,3183.980788,3126.719992
Euro area,EMU,Adjusted net national income per capita (current US$),NY.ADJ.NNTY.PC.CD,31157.45297,33628.36293,31001.94958,32227.24062,32788.91267,28136.36359,28768.42784
Eritrea,ERI,Adjusted net national income per capita (current US$),NY.ADJ.NNTY.PC.CD,422.9302236,433.3617799,,,,,
Spain,ESP,Adjusted net national income per capita (current US$),NY.ADJ.NNTY.PC.CD,25125.2325,25752.42571,23234.80328,23841.81181,24244.16587,21197.2303,21836.00389
Estonia,EST,Adjusted net national income per capita (current US$),NY.ADJ.NNTY.PC.CD,11456.55768,13948.83105,14045.83418,15614.61215,16250.93293,14031.63889,14570.40909
Ethiopia,ETH,Adjusted net national income per capita (current US$),NY.ADJ.NNTY.PC.CD,258.8923602,263.5695613,351.9681598,375.9444807,432.5521467,482.5649109,522.8082799
European Union,EUU,Adjusted net national income per capita (current US$),NY.ADJ.NNTY.PC.CD,28074.02851,30325.44425,28375.30654,29473.18629,30346.02624,26551.84406,26614.18435
Fragile and conflict affected situations,FCS,Adjusted net national income per capita (current US$),NY.ADJ.NNTY.PC.CD,1148.905692,1228.971359,1316.335314,1334.771439,1427.777515,1284.924759,1193.645649
Finland,FIN,Adjusted net national income per capita (current US$),NY.ADJ.NNTY.PC.CD,38004.84294,41400.79917,38447.28938,40167.71737,40694.91148,34699.89787,35599.95265
Fiji,FJI,Adjusted net national income per capita (current US$),NY.ADJ.NNTY.PC.CD,3221.28761,3686.372489,3818.902124,4136.444051,4217.076917,4131.984274,4353.991443
France,FRA,Adjusted net national income per capita (current US$),NY.ADJ.NNTY.PC.CD,34316.34365,37000.22989,34042.09986,35465.64535,35823.71835,30555.56233,30815.89693
Faroe Islands,FRO,Adjusted net national income per capita (current US$),NY.ADJ.NNTY.PC.CD,,,,,,,
"Micronesia, Fed. Sts.",FSM,Adjusted net national income per capita (current US$),NY.ADJ.NNTY.PC.CD,,,,,,,
Gabon,GAB,Adjusted net national income per capita (current US$),NY.ADJ.NNTY.PC.CD,4509.270505,4970.009561,4929.373865,5298.872844,6149.64139,5213.817155,5067.019794
United Kingdom,GBR,Adjusted net national income per capita (current US$),NY.ADJ.NNTY.PC.CD,33828.0071,35967.99075,35699.95703,36300.13073,39483.70879,37445.54599,34167.08679
Georgia,GEO,Adjusted net national income per capita (current US$),NY.ADJ.NNTY.PC.CD,2536.376962,3148.743338,3621.873753,3712.354971,3904.713718,3250.060804,3252.226718
Ghana,GHA,Adjusted net national income per capita (current US$),NY.ADJ.NNTY.PC.CD,992.3857034,1116.138483,1078.600205,1234.522351,897.6137402,874.5849703,952.5847209
Gibraltar,GIB,Adjusted net national income per capita (current US$),NY.ADJ.NNTY.PC.CD,,,,,,,
Guinea,GIN,Adjusted net national income per capita (current US$),NY.ADJ.NNTY.PC.CD,457.4658275,430.6606649,461.7140538,534.7067164,552.5203966,532.9799359,463.9623429
"Gambia, The",GMB,Adjusted net national income per capita (current US$),NY.ADJ.NNTY.PC.CD,405.4965087,348.6734965,333.604605,325.4983251,293.8836005,305.4334251,318.7901699
Guinea-Bissau,GNB,Adjusted net national income per capita (current US$),NY.ADJ.NNTY.PC.CD,459.4986139,596.5932328,503.9285283,504.3357736,536.2931657,481.935018,496.1643704
Equatorial Guinea,GNQ,Adjusted net national income per capita (current US$),NY.ADJ.NNTY.PC.CD,2930.218262,4094.783199,4598.915358,5438.137375,6111.873722,4631.198156,3983.823384
Greece,GRC,Adjusted net national income per capita (current US$),NY.ADJ.NNTY.PC.CD,21816.31615,20535.86226,18054.56315,17595.20834,17755.50337,14620.27469,14275.27238
Grenada,GRD,Adjusted net national income per capita (current US$),NY.ADJ.NNTY.PC.CD,,,,,,,
Greenland,GRL,Adjusted net national income per capita (current US$),NY.ADJ.NNTY.PC.CD,,,,,,,
Guatemala,GTM,Adjusted net national income per capita (current US$),NY.ADJ.NNTY.PC.CD,2361.934751,2652.640491,2773.843101,2909.88452,3082.311989,3302.934784,3486.993883
Guam,GUM,Adjusted net national income per capita (current US$),NY.ADJ.NNTY.PC.CD,,,,,,,
Guyana,GUY,Adjusted net national income per capita (current US$),NY.ADJ.NNTY.PC.CD,2670.881118,2904.600952,3124.526546,3302.401185,3527.199607,3628.251884,3949.419208
High income,HIC,Adjusted net national income per capita (current US$),NY.ADJ.NNTY.PC.CD,31571.92608,33981.94174,33913.76625,34079.703,34621.09827,32702.15122,32990.46472
"Hong Kong SAR, China",HKG,Adjusted net national income per capita (current US$),NY.ADJ.NNTY.PC.CD,,,,,,,
Honduras,HND,Adjusted net national income per capita (current US$),NY.ADJ.NNTY.PC.CD,1695.727965,1852.615321,1881.029119,1829.354398,1895.809771,2019.976905,2049.157909
Heavily indebted poor countries (HIPC),HPC,Adjusted net national income per capita (current US$),NY.ADJ.NNTY.PC.CD,577.1297033,622.5055624,646.4365871,659.2559454,720.2041639,699.1850345,685.7994693
Croatia,HRV,Adjusted net national income per capita (current US$),NY.ADJ.NNTY.PC.CD,10885.31936,11781.27703,10697.28618,11164.43134,11101.3359,9681.344737,9685.729067
Haiti,HTI,Adjusted net national income per capita (current US$),NY.ADJ.NNTY.PC.CD,625.4693846,703.9064743,729.1454175,766.0837643,782.5089418,766.2347292,693.8855852
Hungary,HUN,Adjusted net national income per capita (current US$),NY.ADJ.NNTY.PC.CD,10030.04468,10820.39217,9907.308477,10791.43549,11075.52077,9650.375043,9991.238563
IBRD only,IBD,Adjusted net national income per capita (current US$),NY.ADJ.NNTY.PC.CD,3685.285994,4241.034739,4478.246457,4677.212696,4816.527976,4533.332835,4469.123504
IDA & IBRD total,IBT,Adjusted net national income per capita (current US$),NY.ADJ.NNTY.PC.CD,3023.000305,3459.221695,3645.773742,3801.438736,3920.469538,3689.542188,3622.243707
IDA total,IDA,Adjusted net national income per capita (current US$),NY.ADJ.NNTY.PC.CD,894.736966,972.9111107,1032.894002,1088.719506,1184.234462,1147.543363,1103.170133
IDA blend,IDB,Adjusted net national income per capita (current US$),NY.ADJ.NNTY.PC.CD,1310.878019,1432.855807,1560.000435,1668.496746,1813.75732,1717.069038,1579.603856
Indonesia,IDN,Adjusted net national income per capita (current US$),NY.ADJ.NNTY.PC.CD,2329.729458,2689.267957,2754.319172,2716.790055,2638.915489,2566.413927,2817.018334
IDA only,IDX,Adjusted net national income per capita (current US$),NY.ADJ.NNTY.PC.CD,677.7339011,740.121818,764.4840774,792.3641278,862.1104785,857.1049639,862.8519434
Isle of Man,IMN,Adjusted net national income per capita (current US$),NY.ADJ.NNTY.PC.CD,,,,,,,
India,IND,Adjusted net national income per capita (current US$),NY.ADJ.NNTY.PC.CD,1159.451205,1259.542638,1248.451734,1254.241915,1366.025674,1380.033125,1461.624029
Not classified,INX,Adjusted net national income per capita (current US$),NY.ADJ.NNTY.PC.CD,,,,,,,
Ireland,IRL,Adjusted net national income per capita (current US$),NY.ADJ.NNTY.PC.CD,33438.81743,34634.89484,32492.04205,35796.55095,38413.06302,34338.56523,37783.76585
"Iran, Islamic Rep.",IRN,Adjusted net national income per capita (current US$),NY.ADJ.NNTY.PC.CD,5338.755915,6236.743829,6214.783345,4626.140467,4247.951551,3775.739095,3966.682246
Iraq,IRQ,Adjusted net national income per capita (current US$),NY.ADJ.NNTY.PC.CD,3613.212083,4438.850775,5188.88328,5436.327159,5181.25709,3871.774428,3398.083184
Iceland,ISL,Adjusted net national income per capita (current US$),NY.ADJ.NNTY.PC.CD,,32357.58163,32539.74944,39394.47313,43434.44821,42822.46834,52292.77074
Israel,ISR,Adjusted net national income per capita (current US$),NY.ADJ.NNTY.PC.CD,25869.25984,28718.0566,27298.77572,30778.48367,32271.99209,30683.48101,31884.84708
Italy,ITA,Adjusted net national income per capita (current US$),NY.ADJ.NNTY.PC.CD,29492.91265,31407.04848,28352.85333,28757.98649,28897.58163,24539.27276,25262.38461
Jamaica,JAM,Adjusted net national income per capita (current US$),NY.ADJ.NNTY.PC.CD,4124.436338,4528.606723,4720.178942,4482.45214,4357.279394,4394.195502,4226.222195
Jordan,JOR,Adjusted net national income per capita (current US$),NY.ADJ.NNTY.PC.CD,3323.350027,3431.018537,3478.776892,3594.631996,3654.281535,3677.082783,3686.181272
Japan,JPN,Adjusted net national income per capita (current US$),NY.ADJ.NNTY.PC.CD,35066.92354,38101.78272,38602.86861,32487.2001,30690.23136,28061.8243,31117.79901
Kazakhstan,KAZ,Adjusted net national income per capita (current US$),NY.ADJ.NNTY.PC.CD,5784.504419,7204.746447,8037.966184,9612.721992,8918.424217,8033.355099,5470.227081
Kenya,KEN,Adjusted net national income per capita (current US$),NY.ADJ.NNTY.PC.CD,811.1815005,834.5589071,970.8355879,1034.175221,1101.109114,1121.070784,1225.77149
Kyrgyz Republic,KGZ,Adjusted net national income per capita (current US$),NY.ADJ.NNTY.PC.CD,664.6557804,805.5106428,958.3363092,945.8174802,948.31444,825.3477463,783.7316001
Cambodia,KHM,Adjusted net national income per capita (current US$),NY.ADJ.NNTY.PC.CD,660.5672392,742.8323291,801.2540333,867.1091008,915.8701657,968.7968726,1055.949382
Kiribati,KIR,Adjusted net national income per capita (current US$),NY.ADJ.NNTY.PC.CD,2031.719721,2174.026124,2394.263614,2542.239592,2960.026952,2874.560919,2139.200482
St. Kitts and Nevis,KNA,Adjusted net national income per capita (current US$),NY.ADJ.NNTY.PC.CD,,,,,,,
"Korea, Rep.",KOR,Adjusted net national income per capita (current US$),NY.ADJ.NNTY.PC.CD,18055.97722,19659.88698,19878.8787,21018.30632,22446.48602,21881.35335,22172.11307
Kuwait,KWT,Adjusted net national income per capita (current US$),NY.ADJ.NNTY.PC.CD,34427.2205,40923.6279,43467.14898,41802.6871,38379.06999,27112.10983,24852.10652
Latin America & Caribbean (excluding high income),LAC,Adjusted net national income per capita (current US$),NY.ADJ.NNTY.PC.CD,7196.069596,7901.491751,7871.78318,8009.295243,8191.750727,6686.066298,6407.391859
Lao PDR,LAO,Adjusted net national income per capita (current US$),NY.ADJ.NNTY.PC.CD,778.9751384,943.7366372,1126.675475,1322.160218,1471.999545,1608.173835,1752.65011
Lebanon,LBN,Adjusted net national income per capita (current US$),NY.ADJ.NNTY.PC.CD,7354.071577,7213.798086,7325.450276,7137.352333,6919.133813,6826.146405,6598.650993
Liberia,LBR,Adjusted net national income per capita (current US$),NY.ADJ.NNTY.PC.CD,188.7847251,241.0965541,225.6756669,250.8865475,248.4129371,247.5317979,241.2257767
Libya,LBY,Adjusted net national income per capita (current US$),NY.ADJ.NNTY.PC.CD,8643.651835,4843.990965,,,,,
St. Lucia,LCA,Adjusted net national income per capita (current US$),NY.ADJ.NNTY.PC.CD,6679.65997,7017.232911,6898.786794,7136.163422,7091.418333,7477.752275,7492.190483
Latin America & Caribbean,LCN,Adjusted net national income per capita (current US$),NY.ADJ.NNTY.PC.CD,7468.712432,8314.75581,8347.093286,8506.665894,8604.029618,7348.581231,7028.515006
Least developed countries: UN classification,LDC,Adjusted net national income per capita (current US$),NY.ADJ.NNTY.PC.CD,598.4229383,661.4923284,689.0143728,717.5751567,796.1024171,794.7819851,788.296454
Low income,LIC,Adjusted net national income per capita (current US$),NY.ADJ.NNTY.PC.CD,510.4007234,547.985977,585.6694549,623.4920151,655.7348263,615.488816,582.0151638
Liechtenstein,LIE,Adjusted net national income per capita (current US$),NY.ADJ.NNTY.PC.CD,,,,,,,
Sri Lanka,LKA,Adjusted net national income per capita (current US$),NY.ADJ.NNTY.PC.CD,2605.404237,2972.7914,3071.110924,3273.833884,3451.605531,3461.486962,3459.367006
Lower middle income,LMC,Adjusted net national income per capita (current US$),NY.ADJ.NNTY.PC.CD,1401.574532,1543.693616,1604.239632,1648.601054,1735.93672,1724.709048,1771.122948
Low & middle income,LMY,Adjusted net national income per capita (current US$),NY.ADJ.NNTY.PC.CD,2889.431346,3303.075081,3493.33189,3645.320646,3771.669312,3542.212341,3483.150652
Lesotho,LSO,Adjusted net national income per capita (current US$),NY.ADJ.NNTY.PC.CD,1294.791948,1370.507388,1247.745458,1141.474687,1128.569646,1061.700161,965.7185194
Late-demographic dividend,LTE,Adjusted net national income per capita (current US$),NY.ADJ.NNTY.PC.CD,4969.670048,5914.379915,6337.817674,6776.037153,7016.452314,6543.865135,6437.551307
Lithuania,LTU,Adjusted net national income per capita (current US$),NY.ADJ.NNTY.PC.CD,10030.3512,11907.67998,11995.94483,13186.96187,14133.47605,11784.19757,12325.43294
Luxembourg,LUX,Adjusted net national income per capita (current US$),NY.ADJ.NNTY.PC.CD,62531.4022,65004.25798,59247.02784,62611.33184,63447.36888,55156.67774,56303.4896
Latvia,LVA,Adjusted net national income per capita (current US$),NY.ADJ.NNTY.PC.CD,8601.758801,10349.66472,10290.37398,11385.27478,11954.36762,10445.30508,10891.13792
"Macao SAR, China",MAC,Adjusted net national income per capita (current US$),NY.ADJ.NNTY.PC.CD,,,,,,,
St. Martin (French part),MAF,Adjusted net national income per capita (current US$),NY.ADJ.NNTY.PC.CD,,,,,,,
Morocco,MAR,Adjusted net national income per capita (current US$),NY.ADJ.NNTY.PC.CD,2505.599906,2680.127018,2554.000732,2754.13977,2758.130657,2503.577456,
Monaco,MCO,Adjusted net national income per capita (current US$),NY.ADJ.NNTY.PC.CD,,,,,,,
Moldova,MDA,Adjusted net national income per capita (current US$),NY.ADJ.NNTY.PC.CD,1636.360249,1999.493979,2139.066543,2339.765148,2326.751393,1841.155785,1896.224417
Madagascar,MDG,Adjusted net national income per capita (current US$),NY.ADJ.NNTY.PC.CD,379.6285774,415.7620936,400.3888464,412.7576898,402.9864246,356.5777684,357.9166906
Maldives,MDV,Adjusted net national income per capita (current US$),NY.ADJ.NNTY.PC.CD,5414.454326,7515.292031,7396.907941,8349.048388,8902.36604,9214.262604,9517.799004
Middle East & North Africa,MEA,Adjusted net national income per capita (current US$),NY.ADJ.NNTY.PC.CD,5814.847524,6620.992634,6977.893822,6851.701151,6856.738915,6162.157717,6010.911257
Mexico,MEX,Adjusted net national income per capita (current US$),NY.ADJ.NNTY.PC.CD,7698.821794,8234.168732,8169.371377,8504.887296,8774.804918,7788.535254,6971.091992
Marshall Islands,MHL,Adjusted net national income per capita (current US$),NY.ADJ.NNTY.PC.CD,,,,,,,
Middle income,MIC,Adjusted net national income per capita (current US$),NY.ADJ.NNTY.PC.CD,3173.230366,3635.977986,3849.998911,4021.65564,4165.609575,3917.651787,3860.256442
"Macedonia, FYR",MKD,Adjusted net national income per capita (current US$),NY.ADJ.NNTY.PC.CD,3458.021019,3889.101994,3575.246529,4052.60665,4273.504607,3774.506361,4014.955631
Mali,MLI,Adjusted net national income per capita (current US$),NY.ADJ.NNTY.PC.CD,556.2137668,636.7087323,548.6166465,598.4561815,657.3308426,568.5720213,582.6823237
Malta,MLT,Adjusted net national income per capita (current US$),NY.ADJ.NNTY.PC.CD,,,,,,,
Myanmar,MMR,Adjusted net national income per capita (current US$),NY.ADJ.NNTY.PC.CD,957.9081935,1137.619179,1073.428676,1075.615214,1131.538448,1032.300315,1087.36599
Middle East & North Africa (excluding high income),MNA,Adjusted net national income per capita (current US$),NY.ADJ.NNTY.PC.CD,3376.017574,3709.544289,3910.23579,3607.523293,3548.408479,3243.080661,3157.918392
Montenegro,MNE,Adjusted net national income per capita (current US$),NY.ADJ.NNTY.PC.CD,5867.354927,6607.324061,5954.738795,6517.44353,6639.199738,5920.17083,6277.972462
Mongolia,MNG,Adjusted net national income per capita (current US$),NY.ADJ.NNTY.PC.CD,1829.388,2540.97531,3270.872573,3404.826984,3013.18083,2904.079457,2676.807391
Northern Mariana Islands,MNP,Adjusted net national income per capita (current US$),NY.ADJ.NNTY.PC.CD,,,,,,,
Mozambique,MOZ,Adjusted net national income per capita (current US$),NY.ADJ.NNTY.PC.CD,351.4505387,443.2547799,472.6404546,502.8131647,507.2395393,419.292994,297.1359964
Mauritania,MRT,Adjusted net national income per capita (current US$),NY.ADJ.NNTY.PC.CD,812.5647108,914.1171403,847.1138344,856.8613958,838.2193195,737.1571747,674.3282296
Mauritius,MUS,Adjusted net national income per capita (current US$),NY.ADJ.NNTY.PC.CD,7072.219454,7964.253411,7889.099532,8124.283585,8276.068166,7644.149459,7896.160933
Malawi,MWI,Adjusted net national income per capita (current US$),NY.ADJ.NNTY.PC.CD,343.8611751,389.9399969,269.2876254,235.1877405,249.0979156,249.9052706,200.9453485
Malaysia,MYS,Adjusted net national income per capita (current US$),NY.ADJ.NNTY.PC.CD,6934.644075,8064.74272,8204.452974,8395.851675,8612.520512,7616.3833,7477.456495
North America,NAC,Adjusted net national income per capita (current US$),NY.ADJ.NNTY.PC.CD,40746.89672,42593.45025,44411.80571,45197.27499,46680.79561,47594.25238,48039.13101
Namibia,NAM,Adjusted net national income per capita (current US$),NY.ADJ.NNTY.PC.CD,4396.473198,4777.235156,4887.913506,4825.875358,4748.789668,4162.813185,3748.160746
New Caledonia,NCL,Adjusted net national income per capita (current US$),NY.ADJ.NNTY.PC.CD,,,,,,,
Niger,NER,Adjusted net national income per capita (current US$),NY.ADJ.NNTY.PC.CD,304.4243434,326.020807,329.0795076,345.7419954,351.2010446,292.5871962,292.2472985
Nigeria,NGA,Adjusted net national income per capita (current US$),NY.ADJ.NNTY.PC.CD,1865.485841,1932.310402,2155.032277,2344.710735,2630.353822,2242.151492,1830.841559
Nicaragua,NIC,Adjusted net national income per capita (current US$),NY.ADJ.NNTY.PC.CD,1335.79285,1469.966783,1561.047339,1604.932764,1717.064799,1832.28023,1875.771151
Netherlands,NLD,Adjusted net national income per capita (current US$),NY.ADJ.NNTY.PC.CD,42029.31224,45289.8334,41739.4893,43173.20967,42966.895,37001.52996,37534.31123
Norway,NOR,Adjusted net national income per capita (current US$),NY.ADJ.NNTY.PC.CD,69002.03034,77456.7155,78356.04735,80793.16361,77700.83122,61142.76098,57982.8633
Nepal,NPL,Adjusted net national income per capita (current US$),NY.ADJ.NNTY.PC.CD,550.5346796,642.8093965,635.7159171,641.4875853,663.9353587,700.6030879,681.0829827
Nauru,NRU,Adjusted net national income per capita (current US$),NY.ADJ.NNTY.PC.CD,,,,,,,
New Zealand,NZL,Adjusted net national income per capita (current US$),NY.ADJ.NNTY.PC.CD,26750.08354,30849.89548,32256.70382,34995.2484,36293.53759,31273.79965,32271.07171
OECD members,OED,Adjusted net national income per capita (current US$),NY.ADJ.NNTY.PC.CD,29728.68642,31828.70938,31685.82334,31870.55905,32380.17753,30511.60966,30741.49717
Oman,OMN,Adjusted net national income per capita (current US$),NY.ADJ.NNTY.PC.CD,10657.04277,9877.495332,10968.31358,10830.36727,10550.09656,10652.7579,
Other small states,OSS,Adjusted net national income per capita (current US$),NY.ADJ.NNTY.PC.CD,8404.531804,10020.14024,10400.86323,10916.7295,11251.85993,9950.437133,
Pakistan,PAK,Adjusted net national income per capita (current US$),NY.ADJ.NNTY.PC.CD,995.3076956,1187.48291,1230.465675,1247.437705,1302.590847,1428.11297,1443.666583
Panama,PAN,Adjusted net national income per capita (current US$),NY.ADJ.NNTY.PC.CD,6919.038928,8326.425865,9487.113526,10506.20196,11178.41226,11162.28652,11446.63159
Peru,PER,Adjusted net national income per capita (current US$),NY.ADJ.NNTY.PC.CD,3983.947339,4498.162901,5097.747937,5388.195889,5365.11044,5042.297255,4957.339727
Philippines,PHL,Adjusted net national income per capita (current US$),NY.ADJ.NNTY.PC.CD,2282.696452,2493.56675,2799.779653,3036.396192,3094.456675,3182.538621,3255.442157
Palau,PLW,Adjusted net national income per capita (current US$),NY.ADJ.NNTY.PC.CD,,,,,,,
Papua New Guinea,PNG,Adjusted net national income per capita (current US$),NY.ADJ.NNTY.PC.CD,1416.153528,1784.221957,2166.277093,2225.231039,2386.145589,2173.404846,2056.831079
Poland,POL,Adjusted net national income per capita (current US$),NY.ADJ.NNTY.PC.CD,10713.64389,11862.88324,11221.49549,11743.23222,12159.73234,10657.70574,10463.11218
Pre-demographic dividend,PRE,Adjusted net national income per capita (current US$),NY.ADJ.NNTY.PC.CD,1017.215639,1093.541553,1195.804877,1264.736667,1378.908595,1208.792509,1077.268882
Puerto Rico,PRI,Adjusted net national income per capita (current US$),NY.ADJ.NNTY.PC.CD,,,,,,,
"Korea, Dem. People?s Rep.",PRK,Adjusted net national income per capita (current US$),NY.ADJ.NNTY.PC.CD,,,,,,,
Portugal,PRT,Adjusted net national income per capita (current US$),NY.ADJ.NNTY.PC.CD,17884.22551,18587.21523,16327.12055,17515.99357,17814.76026,15389.321,16032.51847
Paraguay,PRY,Adjusted net national income per capita (current US$),NY.ADJ.NNTY.PC.CD,2567.000084,3272.959429,3079.684035,3627.262926,3845.712784,3320.763657,3288.274906
West Bank and Gaza,PSE,Adjusted net national income per capita (current US$),NY.ADJ.NNTY.PC.CD,,,,,,,
Pacific island small states,PSS,Adjusted net national income per capita (current US$),NY.ADJ.NNTY.PC.CD,2500.222093,2855.187512,3041.206702,3256.565597,3295.948264,3269.973875,3287.529714
Post-demographic dividend,PST,Adjusted net national income per capita (current US$),NY.ADJ.NNTY.PC.CD,32740.11095,35111.91015,35030.88896,35162.41015,35754.32241,33815.24996,34217.90925
French Polynesia,PYF,Adjusted net national income per capita (current US$),NY.ADJ.NNTY.PC.CD,,,,,,,
Qatar,QAT,Adjusted net national income per capita (current US$),NY.ADJ.NNTY.PC.CD,43863.24588,53108.97983,57284.80324,59202.28391,60396.03308,50409.75209,
Romania,ROU,Adjusted net national income per capita (current US$),NY.ADJ.NNTY.PC.CD,6613.2783,7184.242119,6686.30223,7480.732148,7953.958091,7081.892485,7427.885831
Russian Federation,RUS,Adjusted net national income per capita (current US$),NY.ADJ.NNTY.PC.CD,8512.15436,11408.86966,12182.90083,12618.65235,11095.88655,7497.324288,6922.880359
Rwanda,RWA,Adjusted net national income per capita (current US$),NY.ADJ.NNTY.PC.CD,458.0504007,499.8172791,545.6434027,549.1296813,559.3980631,556.2184078,546.6059196
South Asia,SAS,Adjusted net national income per capita (current US$),NY.ADJ.NNTY.PC.CD,1100.857302,1210.596926,1210.808526,1227.459679,1330.34131,1365.119137,1440.075944
Saudi Arabia,SAU,Adjusted net national income per capita (current US$),NY.ADJ.NNTY.PC.CD,15481.76655,18559.6527,19710.81445,19508.18137,19594.57077,17257.35857,16720.89568
Sudan,SDN,Adjusted net national income per capita (current US$),NY.ADJ.NNTY.PC.CD,,1333.190634,1453.434709,972.432612,1727.20904,2015.736295,
Senegal,SEN,Adjusted net national income per capita (current US$),NY.ADJ.NNTY.PC.CD,885.2405963,936.845666,889.7025498,901.9573874,903.6966025,775.245905,803.163139
Singapore,SGP,Adjusted net national income per capita (current US$),NY.ADJ.NNTY.PC.CD,40103.5679,44848.87833,45248.22611,46665.96087,47071.16157,43618.1112,43518.50063
Solomon Islands,SLB,Adjusted net national income per capita (current US$),NY.ADJ.NNTY.PC.CD,618.2387766,774.3029459,1124.943135,1339.87323,1328.326242,1432.870899,1421.188213
Sierra Leone,SLE,Adjusted net national income per capita (current US$),NY.ADJ.NNTY.PC.CD,348.9342001,371.3058718,488.2195909,587.369941,584.1636191,490.4380082,361.889466
El Salvador,SLV,Adjusted net national income per capita (current US$),NY.ADJ.NNTY.PC.CD,3145.563828,3393.40842,3371.152175,3406.267748,3475.846835,3571.960113,3609.123279
San Marino,SMR,Adjusted net national income per capita (current US$),NY.ADJ.NNTY.PC.CD,,,,,,,
Somalia,SOM,Adjusted net national income per capita (current US$),NY.ADJ.NNTY.PC.CD,,,,,,,
Serbia,SRB,Adjusted net national income per capita (current US$),NY.ADJ.NNTY.PC.CD,4392.991784,5205.051813,4508.327598,5023.923128,4923.351015,4126.072901,4225.471561
Sub-Saharan Africa (excluding high income),SSA,Adjusted net national income per capita (current US$),NY.ADJ.NNTY.PC.CD,1172.439151,1244.063611,1283.822658,1307.24875,1390.913764,1263.319726,1147.743251
South Sudan,SSD,Adjusted net national income per capita (current US$),NY.ADJ.NNTY.PC.CD,,965.2002125,841.7832671,905.9195367,811.2320199,563.3482258,
Sub-Saharan Africa,SSF,Adjusted net national income per capita (current US$),NY.ADJ.NNTY.PC.CD,1173.253709,1244.941211,1284.743498,1308.363626,1391.962351,1264.349335,1148.804608
Small states,SST,Adjusted net national income per capita (current US$),NY.ADJ.NNTY.PC.CD,7781.20483,9013.946123,9413.784212,9865.855179,10123.36454,9184.056005,9041.530453
Sao Tome and Principe,STP,Adjusted net national income per capita (current US$),NY.ADJ.NNTY.PC.CD,883.2324143,938.2950007,786.5189526,915.1313636,1033.097139,793.8414524,758.1945212
Suriname,SUR,Adjusted net national income per capita (current US$),NY.ADJ.NNTY.PC.CD,5650.561556,4599.934286,5360.277102,6084.827366,6535.776054,6405.199902,3620.176692
Slovak Republic,SVK,Adjusted net national income per capita (current US$),NY.ADJ.NNTY.PC.CD,12941.09693,13890.87152,13458.78351,14261.64425,14498.12694,12543.69603,12869.91624
Slovenia,SVN,Adjusted net national income per capita (current US$),NY.ADJ.NNTY.PC.CD,18452.17362,19626.66818,17391.04674,18063.092,18958.99003,15947.03024,16640.11653
Sweden,SWE,Adjusted net national income per capita (current US$),NY.ADJ.NNTY.PC.CD,44690.36544,50872.32304,48760.07851,51432.94886,50489.34809,43232.80839,44237.72785
Eswatini,SWZ,Adjusted net national income per capita (current US$),NY.ADJ.NNTY.PC.CD,3012.043925,3391.491325,3331.732633,3149.255951,2936.201361,2659.162118,2381.911943
Sint Maarten (Dutch part),SXM,Adjusted net national income per capita (current US$),NY.ADJ.NNTY.PC.CD,,,,,,,
Seychelles,SYC,Adjusted net national income per capita (current US$),NY.ADJ.NNTY.PC.CD,9148.702691,10297.02564,10950.96574,13110.82423,12626.15979,12345.57997,12716.28746
Syrian Arab Republic,SYR,Adjusted net national income per capita (current US$),NY.ADJ.NNTY.PC.CD,,,,,,,
Chad,TCD,Adjusted net national income per capita (current US$),NY.ADJ.NNTY.PC.CD,675.5592318,702.3839406,712.9833794,739.107343,777.6412848,632.9482889,535.6767783
East Asia & Pacific (IDA & IBRD countries),TEA,Adjusted net national income per capita (current US$),NY.ADJ.NNTY.PC.CD,3261.771036,3849.283717,4315.913579,4685.607224,5052.747469,5223.58389,5230.358618
Europe & Central Asia (IDA & IBRD countries),TEC,Adjusted net national income per capita (current US$),NY.ADJ.NNTY.PC.CD,6669.268849,8021.033542,8310.038194,8799.298547,8266.229995,6501.38097,6142.952073
Togo,TGO,Adjusted net national income per capita (current US$),NY.ADJ.NNTY.PC.CD,331.3197082,332.2851029,299.5510172,325.886023,411.4588716,372.9801579,397.068473
Thailand,THA,Adjusted net national income per capita (current US$),NY.ADJ.NNTY.PC.CD,4013.952865,4378.948029,4515.955434,4648.102945,4514.865105,4480.837361,4489.825883
Tajikistan,TJK,Adjusted net national income per capita (current US$),NY.ADJ.NNTY.PC.CD,768.4172076,882.5604337,1032.928393,1126.194254,1191.961953,971.984566,818.2233949
Turkmenistan,TKM,Adjusted net national income per capita (current US$),NY.ADJ.NNTY.PC.CD,3053.491201,3499.420394,,,,,
Latin America & the Caribbean (IDA & IBRD countries),TLA,Adjusted net national income per capita (current US$),NY.ADJ.NNTY.PC.CD,7440.124113,8287.35848,8307.576781,8461.685554,8556.252592,7301.747594,6981.001356
Timor-Leste,TLS,Adjusted net national income per capita (current US$),NY.ADJ.NNTY.PC.CD,,,,,,1836.242602,1904.006335
Middle East & North Africa (IDA & IBRD countries),TMN,Adjusted net national income per capita (current US$),NY.ADJ.NNTY.PC.CD,3391.893639,3727.486005,3929.680504,3625.956059,3567.033985,3260.567616,3175.410288
Tonga,TON,Adjusted net national income per capita (current US$),NY.ADJ.NNTY.PC.CD,3336.866388,3789.16493,4223.024097,4015.429122,3863.581086,3773.049718,3435.671641
South Asia (IDA & IBRD),TSA,Adjusted net national income per capita (current US$),NY.ADJ.NNTY.PC.CD,1100.857302,1210.596926,1210.808526,1227.459679,1330.34131,1365.119137,1440.075944
Sub-Saharan Africa (IDA & IBRD countries),TSS,Adjusted net national income per capita (current US$),NY.ADJ.NNTY.PC.CD,1173.253709,1244.941211,1284.743498,1308.363626,1391.962351,1264.349335,1148.804608
Trinidad and Tobago,TTO,Adjusted net national income per capita (current US$),NY.ADJ.NNTY.PC.CD,12537.94678,12274.14019,11932.40715,13354.03758,13169.08904,13918.90206,12968.91275
Tunisia,TUN,Adjusted net national income per capita (current US$),NY.ADJ.NNTY.PC.CD,3146.248956,3192.138025,3112.401649,3140.400473,3262.349622,2959.671996,2788.238259
Turkey,TUR,Adjusted net national income per capita (current US$),NY.ADJ.NNTY.PC.CD,8960.560602,9583.491568,9899.964746,10631.65159,10232.32806,9235.402578,9064.532052
Tanzania,TZA,Adjusted net national income per capita (current US$),NY.ADJ.NNTY.PC.CD,616.4896868,644.9788388,722.4095887,811.1790002,860.7308771,779.1602238,
Uganda,UGA,Adjusted net national income per capita (current US$),NY.ADJ.NNTY.PC.CD,466.5496776,436.3712719,468.7063472,479.5436424,517.8227251,483.2812157,394.2900366
Ukraine,UKR,Adjusted net national income per capita (current US$),NY.ADJ.NNTY.PC.CD,2434.055904,2922.997423,3220.477608,3354.134361,2623.805204,1805.299557,
Upper middle income,UMC,Adjusted net national income per capita (current US$),NY.ADJ.NNTY.PC.CD,5120.446314,5952.399041,6354.466273,6686.839197,6913.073245,6411.299511,6249.100109
Uruguay,URY,Adjusted net national income per capita (current US$),NY.ADJ.NNTY.PC.CD,10095.77174,12111.6646,12966.32923,14476.93712,14273.22727,13302.57119,13113.63551
United States,USA,Adjusted net national income per capita (current US$),NY.ADJ.NNTY.PC.CD,40991.68426,42610.37052,44592.96929,45465.09253,47297.05524,48967.22169,49574.32501
Uzbekistan,UZB,Adjusted net national income per capita (current US$),NY.ADJ.NNTY.PC.CD,1210.525277,1314.53535,1431.968869,1656.624813,1798.592742,1911.796912,1885.911303
St. Vincent and the Grenadines,VCT,Adjusted net national income per capita (current US$),NY.ADJ.NNTY.PC.CD,5393.069198,5236.306366,5173.140456,5385.317056,5375.020392,5421.088247,5356.733487
"Venezuela, RB",VEN,Adjusted net national income per capita (current US$),NY.ADJ.NNTY.PC.CD,12463.36754,9639.458518,11492.61232,10963.05376,14451.47468,,
Vietnam,VNM,Adjusted net national income per capita (current US$),NY.ADJ.NNTY.PC.CD,1061.410567,1209.673532,1391.306044,1519.046686,1641.563189,1701.278439,1810.311216
Vanuatu,VUT,Adjusted net national income per capita (current US$),NY.ADJ.NNTY.PC.CD,2557.74518,2854.732963,2682.858086,2861.473945,2864.447977,,
World,WLD,Adjusted net national income per capita (current US$),NY.ADJ.NNTY.PC.CD,7850.391209,8575.073244,8692.036723,8817.382623,8985.337996,8442.344046,8413.505174
Samoa,WSM,Adjusted net national income per capita (current US$),NY.ADJ.NNTY.PC.CD,2949.391895,3362.266968,3583.416693,3595.245675,3581.491823,3610.049038,3495.564206
"Yemen, Rep.",YEM,Adjusted net national income per capita (current US$),NY.ADJ.NNTY.PC.CD,988.0953088,1042.015805,1180.756367,1305.834798,1385.548581,1283.401687,933.8254685
South Africa,ZAF,Adjusted net national income per capita (current US$),NY.ADJ.NNTY.PC.CD,5847.986022,6388.307546,6031.215907,5487.5861,5178.268319,4687.381253,4262.56956
Zambia,ZMB,Adjusted net national income per capita (current US$),NY.ADJ.NNTY.PC.CD,981.1571464,1132.162005,1285.619629,1346.467393,1319.477631,998.9947737,966.6072915
Zimbabwe,ZWE,Adjusted net national income per capita (current US$),NY.ADJ.NNTY.PC.CD,567.9713687,613.3711736,661.2531756,762.7751453,776.22471,755.7849639,750.4841653
